Style,Artist,Painting,URL
Romanticism,George Stubbss,Horse Attacked by a Lion,https://uploads0.wikiart.org/images/george-stubbs/horse-attacked-by-a-lion.jpg!Large.jpg
Romanticism,George Stubbss,Zebra,https://uploads3.wikiart.org/images/george-stubbs/zebra-1763.jpg
Romanticism,Joseph Wright ,"A Girl reading a letter by Candlelight, with a Young Man peering over her shoulder",https://uploads8.wikiart.org/images/joseph-wright/a-girl-reading-a-letter-by-candlelight-with-a-young-man-peering-over-her-shoulder-1762.jpg!Large.jpg
Romanticism,Joseph Wright ,Two Girls with their Black Servant,https://uploads2.wikiart.org/images/joseph-wright/a-conversation-between-girls-or-two-girls-with-their-black-servant-1770.jpg!Large.jpg
Romanticism,John Singleton Copley,Watson and the Shark,https://uploads0.wikiart.org/images/john-singleton-copley/watson-and-the-shark-1782.jpg!Large.jpg
Romanticism,John Singleton Copley,The Siege and Relief of Gibraltar,https://uploads3.wikiart.org/images/john-singleton-copley/the-siege-and-relief-of-gibraltar-1783.jpg
Romanticism,Henry Fuseli ,The Nightmare,https://uploads2.wikiart.org/images/henry-fuseli/the-nightmare-1781.jpg!Large.jpg
Romanticism,Henry Fuseli ,The Apothesis of Penelope Boothby,https://uploads7.wikiart.org/images/henry-fuseli/the-apothesis-of-penelope-boothby-1794(1).jpg!Large.jpg
Romanticism,Francisco Goya ,Triple generation,https://uploads8.wikiart.org/images/francisco-goya/triple-generation-1769.jpg!Large.jpg
Romanticism,Francisco Goya ,Witches Sabbath,https://uploads6.wikiart.org/images/francisco-goya/witches-sabbath-1789.jpg!Large.jpg
Realism,Alexey Venetsianov ,Girl in a Kerchief,https://uploads8.wikiart.org/images/alexey-venetsianov/girl-in-a-kerchief.jpg!Large.jpg
Realism,Alexey Venetsianov ,Reapers,https://uploads6.wikiart.org/images/alexey-venetsianov/reapers.jpg!Large.jpg
Realism,Camille Corot ,Venice - View of Campo della Carita looking towards the Dome of the Salute,https://uploads8.wikiart.org/images/camille-corot/venice-view-of-campo-della-carita-looking-towards-the-dome-of-the-salute-1834.jpg!Large.jpg
Realism,Camille Corot ,Corot's Studio,https://uploads8.wikiart.org/images/camille-corot/corot-s-studio.jpg!Large.jpg
Realism,George Catlin ,Buffalo Bull's Back Fat (Stu-mick-o-súcks) Head Chief of the Blood Tribe (Blackfoot),https://uploads7.wikiart.org/images/george-catlin/buffalo-bull-s-back-fat-stu-mick-o-s-cks-head-chief-of-the-blood-tribe-blackfoot-1832.jpg!Large.jpg
Realism,George Catlin ,"Mah-to-toh-pe (Four Bears, Mandan chief)",https://uploads8.wikiart.org/images/george-catlin/mah-to-toh-pe-four-bears-mandan-chief-1833.jpg
Realism,Gustave Courbet,A Burial at Ornans,https://uploads8.wikiart.org/images/gustave-courbet/burial-at-ornans-1849.jpg!Large.jpg
Realism,Gustave Courbet,The Bathers,https://uploads3.wikiart.org/images/gustave-courbet/the-bathers-1858.jpg!Large.jpg
Realism,Constantin Guys ,Girls on the Balcony,https://uploads2.wikiart.org/images/constantin-guys/girls-on-the-balcony-1860.jpg
Realism,Constantin Guys ,Bazar de la volupté,https://uploads0.wikiart.org/images/constantin-guys/bazar-de-la-volupt-1870.jpg
Realism,Narcisse-Virgilio Diaz ,The Old Windmill near Barbizon,https://uploads6.wikiart.org/images/narcisse-virgilio-diaz/the-old-windmill-near-barbizon.jpg!Large.jpg
Realism,Narcisse-Virgilio Diaz ,In the Fontainebleau Forest,https://uploads7.wikiart.org/images/narcisse-virgilio-diaz/in-the-fontainebleau-forest-1860.jpg
Naturalism,John James Audubon ,American Flamingo,https://uploads3.wikiart.org/images/john-james-audubon/american-flamingo-1864.jpg!Large.jpg
Naturalism,John James Audubon ,Plate 171 Barn Owl,https://uploads8.wikiart.org/images/john-james-audubon/plate-171-barn-owl.jpg!Large.jpg
Naturalism,Edward Lear ,Macrocercus aracanga (Ara macao),https://uploads4.wikiart.org/images/edward-lear/macrocercus-aracanga-ara-macao.jpg!Large.jpg
Naturalism,Edward Lear ,Testudo tabulata (Chelonoidis denticulata),https://uploads1.wikiart.org/images/edward-lear/testudo-tabulata-chelonoidis-denticulata-1836.jpg!Large.jpg
Naturalism,August Friedrich Schenck ,The Orphan,https://uploads3.wikiart.org/00206/images/august-friedrich-schenck/l-orphelin-souvenir-d-auvergne.jpg
Naturalism,August Friedrich Schenck ,Dog,https://uploads6.wikiart.org/00206/images/august-friedrich-schenck/august-friedrich-albrecht-schenck.jpg
Naturalism,Marianne North ,Possum up a Gum Tree,https://uploads2.wikiart.org/images/marianne-north/possum-up-a-gum-tree-1880.jpg!Large.jpg
Naturalism,Marianne North ,Trees Laden with Parasites and Epiphytes in a Brazilian Garden,https://uploads8.wikiart.org/images/marianne-north/trees-laden-with-parasites-and-epiphytes-in-a-brazilian-garden-1873.jpg!Large.jpg
Naturalism,Alfred Parsons ,Rosa damascena rubrotincta,https://uploads8.wikiart.org/images/alfred-parsons/rosa-damascena-rubrotincta-1914.jpg!Large.jpg
Naturalism,Alfred Parsons ,Botanical Illustration,https://uploads8.wikiart.org/images/alfred-parsons/botanical-illustration.jpg!Large.jpg
Naturalism,Jules Bastien-Lepage ,October,https://uploads2.wikiart.org/00123/images/jules-bastien-lepage/october-1878.jpg!Large.jpg
Naturalism,Jules Bastien-Lepage ,Pauvre Fauvette,https://uploads1.wikiart.org/00123/images/jules-bastien-lepage/pauvre-fauvette-1881.jpg!Large.jpg
Ashcan School,Robert Henri ,Salome,https://uploads4.wikiart.org/images/robert-henri/salome-1909.jpg!Large.jpg
Ashcan School,Robert Henri ,El Picador (Antonio Baños Calero),https://uploads2.wikiart.org/images/robert-henri/el-picador-antonio-ba-os-calero-1908.jpg!Large.jpg
Ashcan School,George Luks ,A Clown,https://uploads4.wikiart.org/images/george-luks/a-clown-1929.jpg!Large.jpg
Ashcan School,George Luks ,Seated Nude with Bobbed Hair,https://uploads2.wikiart.org/images/george-luks/seated-nude-with-bobbed-hair.jpg!Large.jpg
Ashcan School,William James Glackens ,"The Drive, Central Park",https://uploads3.wikiart.org/images/william-james-glackens/the-drive-central-park-1905.jpg!Large.jpg
Ashcan School,William James Glackens ,Chez Mouquin,https://uploads2.wikiart.org/images/william-james-glackens/chez-mouquin-1905.jpg!Large.jpg
Ashcan School,John French Sloan ,"Monument in the Plaza, New York",https://uploads6.wikiart.org/images/john-french-sloan/monument-in-the-plaza-new-york-1949.jpg!Large.jpg
Ashcan School,John French Sloan ,Self-portrait,https://uploads7.wikiart.org/images/john-french-sloan/self-portrait-1890.jpg!Large.jpg
Ashcan School,Edward Hopper ,Male Nude,https://uploads8.wikiart.org/images/edward-hopper/male-nude-1904.jpg!Large.jpg
Ashcan School,Edward Hopper ,Automat,https://uploads6.wikiart.org/images/edward-hopper/automat-1927.jpg!Large.jpg
Ashcan School,George Bellows ,Stag at Sharkey’s,https://uploads8.wikiart.org/images/george-bellows/stag-at-sharkey-s-1909.jpg!Large.jpg
Ashcan School,George Bellows ,The Big Dory,https://uploads3.wikiart.org/images/george-bellows/the-big-dory-1913.jpg!Large.jpg
Naïve Art (Primitivism),Joshua Johnson ,Mrs. John Moale (Ellin North) and Ellin North Moale,https://uploads3.wikiart.org/images/joshua-johnson/mrs-john-moale-ellin-north-and-ellin-north-moale-1800.jpg!Large.jpg
Naïve Art (Primitivism),Joshua Johnson ,Grace Allison McCurdy and Her Daughters,https://uploads3.wikiart.org/images/joshua-johnson/grace-allison-mccurdy-and-her-daughters-1804.jpg!Large.jpg
Naïve Art (Primitivism),Edward Hicks ,Peaceable Kingdom,https://uploads6.wikiart.org/images/edward-hicks/peaceable-kingdom-1833.jpg!Large.jpg
Naïve Art (Primitivism),Edward Hicks ,Peaceable Kingdom,https://uploads6.wikiart.org/images/edward-hicks/peaceable-kingdom-1825.jpg!Large.jpg
Naïve Art (Primitivism),John Bradley ,The Cellist,https://uploads0.wikiart.org/images/john-bradley/the-cellist-1832.jpg!Large.jpg
Naïve Art (Primitivism),John Bradley ,Little Girl in Lavender,https://uploads3.wikiart.org/images/john-bradley/little-girl-in-lavender-1840.jpg!Large.jpg
Naïve Art (Primitivism),Henri Rousseau ,Carnival Evening,https://uploads7.wikiart.org/images/henri-rousseau/carnival-evening-1886.jpg!Large.jpg
Naïve Art (Primitivism),Henri Rousseau ,Tiger in a Tropical Storm (Surprised!),https://uploads8.wikiart.org/images/henri-rousseau/tiger-in-a-tropical-storm-surprised-1891.jpg!Large.jpg
Naïve Art (Primitivism),Alfred Wallis ,Three-Masted Ship near Lighthouse,https://uploads5.wikiart.org/images/alfred-wallis/three-masted-ship-near-lighthouse-1930.jpg!Large.jpg
Naïve Art (Primitivism),Alfred Wallis ,St Ives,https://uploads5.wikiart.org/images/alfred-wallis/st-ives-1928.jpg
Naïve Art (Primitivism),Grandma Moses ,A Tramp on Christmas Day,https://uploads4.wikiart.org/images/grandma-moses/a-tramp-on-christmas-day-1946.jpg
Naïve Art (Primitivism),Grandma Moses ,Apple Butter Making,https://uploads3.wikiart.org/images/grandma-moses/apple-butter-making-1947(1).jpg!Large.jpg
Social Realism,Luke Fildes ,the Empty Chair,https://uploads4.wikiart.org/00128/images/luke-fildes/samuel-luke-fildes-the-empty-chair-engraving-of-a-water-color-the-graphic-1870.jpg
Social Realism,Luke Fildes ,The Doctor.,https://uploads8.wikiart.org/00128/images/luke-fildes/the-doctor.png
Social Realism,Laura Knight,Ruby Loftus screwing a Breech-ring,https://uploads5.wikiart.org/images/laura-knight/ruby-loftus-screwing-a-breech-ring-1943.jpg!Large.jpg
Social Realism,Laura Knight,"Corporal J. M. Robins, Women's Auxiliary Air Force",https://uploads0.wikiart.org/images/laura-knight/corporal-j-m-robins-women-s-auxiliary-air-force-1941.jpg!Large.jpg
Social Realism,Hans Andersen Brendekilde ,Worn Out,https://uploads0.wikiart.org/00261/images/hans-andersen-brendekilde/h-a-brendekilde-udslidt-1889.jpg!Large.jpg
Social Realism,Hans Andersen Brendekilde ,Children collecting leftover crops,https://uploads3.wikiart.org/00261/images/hans-andersen-brendekilde/hans-andersen-brendekilde-aksesamlere-raagelund-1883-fkm157-brandts.png!Large.png
Social Realism,Lewis Hine ,Immigrant Family in the Baggage Room of Ellis Island,https://uploads0.wikiart.org/00216/images/lewis-hine/immigrant-family-in-the-baggage-room-of-ellis-island-1905.jpg!Large.jpg
Social Realism,Lewis Hine ,"Laura Petty, a 6 Year Old Berry Picker on Jenkins Farm, Rock Creek, Maryland, 1909",https://uploads3.wikiart.org/00216/images/lewis-hine/laura-petty-a-6-year-old-berry-picker-on-jenkins-farm-rock-creek-maryland-1909.jpg!Large.jpg
Social Realism,Jose Clemente Orozco ,Winter,https://uploads2.wikiart.org/images/jose-clemente-orozco/winter-1932.jpg
Social Realism,Jose Clemente Orozco ,The Subway,https://uploads6.wikiart.org/images/jose-clemente-orozco/the-subway-1928.jpg
Social Realism,Diego Rivera ,La Era (The Threshing Floor) 1904 (oil on canvas),https://uploads7.wikiart.org/images/diego-rivera/la-era-the-threshing-floor-1904-oil-on-canvas-1904.jpg!Large.jpg
Social Realism,Diego Rivera ,The Organization ofThe Agrarian Movement,https://uploads2.wikiart.org/images/diego-rivera/the-organization-ofthe-agrarian-movement-1926.jpg!Large.jpg
Symbolism,William Blake ,The Ancient of Days,https://uploads0.wikiart.org/images/william-blake/the-ancient-of-days-1794.jpg!Large.jpg
Symbolism,William Blake ,"Oberon, Titania and Puck with Fairies Dancing",https://uploads5.wikiart.org/images/william-blake/oberon-titania-and-puck-with-fairies-dancing(1).jpg!Large.jpg
Symbolism,Victor Hugo ,Justicia,https://uploads4.wikiart.org/images/victor-hugo/justicia-1858.jpg
Symbolism,Victor Hugo ,Marine Terrace with initials,https://uploads7.wikiart.org/images/victor-hugo/marine-terrace-with-initials-1855.jpg!Large.jpg
Symbolism,Louis Janmot ,Poème de l'âme 2: Le Passage des âmes,https://uploads0.wikiart.org/images/louis-janmot/po-me-de-l-me-2-le-passage-des-mes.jpg!Large.jpg
Symbolism,Louis Janmot ,L'assomption de la Vierge,https://uploads0.wikiart.org/images/louis-janmot/l-assomption-de-la-vierge.jpg!Large.jpg
Symbolism,George Frederick Watts ,Love And Life,https://uploads1.wikiart.org/images/george-frederick-watts/love-and-life(1).jpg!Large.jpg
Symbolism,George Frederick Watts ,Paulo And Francesco,https://uploads6.wikiart.org/images/george-frederick-watts/paulo-and-francesco-1.jpg!Large.jpg
Symbolism,Pierre Puvis de Chavannes ,Mary Magdalene in the Desert,https://uploads0.wikiart.org/images/pierre-puvis-de-chavannes/mary-magdalene-in-the-desert-1.jpg!Large.jpg
Symbolism,Pierre Puvis de Chavannes ,Young Girls on the Edge of the Sea,https://uploads4.wikiart.org/images/pierre-puvis-de-chavannes/young-girls-on-the-edge-of-the-sea.jpg!Large.jpg
Symbolism,Gustave Moreau ,Hesiod and the Muses,https://uploads2.wikiart.org/images/gustave-moreau/hesiod-and-the-muses-1860.jpg!Large.jpg
Symbolism,Gustave Moreau ,The Sphinx,https://uploads1.wikiart.org/images/gustave-moreau/the-sphinx-1864.jpg!Large.jpg
Surrealism,Boleslas Biegas ,Horizon,https://uploads2.wikiart.org/00233/images/boleslas-biegas/horizon.jpg!Large.jpg
Surrealism,Boleslas Biegas ,Scène fantastique,https://uploads3.wikiart.org/00233/images/boleslas-biegas/sc-ne-fantastique-huile-sur-panneau.jpg!Large.jpg
Surrealism,Salvador Dalí,Shirley Temple,https://uploads8.wikiart.org/images/salvador-dali/shirley-temple.jpg!Large.jpg
Surrealism,Salvador Dalí,The Persistence of Memory,https://uploads6.wikiart.org/images/salvador-dali/the-persistence-of-memory-1931.jpg!Large.jpg
Surrealism,Joan Miró,The Tilled Field,https://uploads2.wikiart.org/images/joan-miro/the-tilled-field-1924.jpg!Large.jpg
Surrealism,Joan Miró,Harlequin's Carnival,https://uploads6.wikiart.org/images/joan-miro/harlequin-s-carnival-1925.jpg!Large.jpg
Surrealism,Pierre Roy ,Danger on the Stairs,https://uploads5.wikiart.org/00280/images/pierre-roy/danger-on-the-stairs-1927-28.jpg!Large.jpg
Surrealism,Pierre Roy ,Proue de naivre et papillons,https://uploads5.wikiart.org/images/pierre-roy/proue-de-naivre-et-papillons-1925.jpg
Surrealism,René Magritte,The treachery of images (This is not a pipe),https://uploads8.wikiart.org/images/rene-magritte/the-treachery-of-images-this-is-not-a-pipe-1948(2).jpg!Large.jpg
Surrealism,René Magritte,The lovers,https://uploads3.wikiart.org/images/rene-magritte/the-lovers-1928(1).jpg!Large.jpg
Surrealism,Frida Kahlo,Henry Ford Hospital (The Flying Bed),https://uploads7.wikiart.org/images/magdalena-carmen-frieda-kahlo-y-calder%C3%B3n-de-rivera/henry-ford-hospital-the-flying-bed-1932.jpg!Large.jpg
Surrealism,Frida Kahlo,"The Love Embrace of the Universe, the Earth (Mexico), Myself, Diego and Señor Xólotl",https://uploads7.wikiart.org/images/magdalena-carmen-frieda-kahlo-y-calder%C3%B3n-de-rivera/the-love-embrace-of-the-universe-the-earth-mexico-myself-diego-and-se%C3%B1or-x%C3%B3lotl-1949.jpg!Large.jpg
Metaphysical Art,Carlo Carra ,The Enchanted Chamber,https://uploads8.wikiart.org/images/carlo-carra/the-enchanted-chamber-1917.jpg
Metaphysical Art,Carlo Carra ,La composizione TA,https://uploads6.wikiart.org/images/carlo-carra/la-composizione-ta-1916.jpg!Large.jpg
Metaphysical Art,Felice Casorati ,Silvana Cenni,https://uploads5.wikiart.org/images/felice-casorati/silvana-cenni-1922.jpg!Large.jpg
Metaphysical Art,Felice Casorati ,Beethoven,https://uploads1.wikiart.org/images/felice-casorati/beethoven-1928.jpg!Large.jpg
Metaphysical Art,Mario Sironi ,White horse and dock,https://uploads0.wikiart.org/images/mario-sironi/white-horse-and-dock-1920.jpg!Large.jpg
Metaphysical Art,Mario Sironi ,Cityscape with truck,https://uploads4.wikiart.org/images/mario-sironi/cityscape-with-truck.jpg!Large.jpg
Metaphysical Art,Giorgio de Chirico ,Hector and Andromache,https://uploads7.wikiart.org/images/giorgio-de-chirico/hector-and-andromache-1912.jpg!Large.jpg
Metaphysical Art,Giorgio de Chirico ,The Uncertainty of the Poet,https://uploads4.wikiart.org/images/giorgio-de-chirico/the-uncertainty-of-the-poet-1913.jpg!Large.jpg
Metaphysical Art,Giorgio Morandi ,Metaphysical Still Life,https://uploads5.wikiart.org/images/giorgio-morandi/metaphysical-still-life-1918.jpg
Metaphysical Art,Giorgio Morandi ,Metaphysical Still Life with Triangle,https://uploads2.wikiart.org/images/giorgio-morandi/metaphysical-still-life-with-triangle-1919.jpg!Large.jpg
Metaphysical Art,Nina Tokhtaman Valetova,Creation and Destruction,https://uploads0.wikiart.org/00124/images/nina-tokhtaman-valetova/creation-and-destruction-86x60-cmxcm-2009-1.jpg!Large.jpg
Metaphysical Art,Nina Tokhtaman Valetova,Dinner in Honor of Meeting,https://uploads5.wikiart.org/00126/images/nina-tokhtaman-valetova/dinner-in-honor-of-meeting-oil-painting.JPG!Large.JPG
Tonalism,George Inness ,"Early Moonrise, Florida",https://uploads3.wikiart.org/images/george-inness/early-moonrise-florida-1893.jpg!Large.jpg
Tonalism,George Inness ,Landscape with Sheep,https://uploads8.wikiart.org/00285/images/george-inness/landscape-with-sheep.jpg
Tonalism,Edward Mitchell Bannister ,Driving Home the Cows,https://uploads4.wikiart.org/images/edward-mitchell-bannister/driving-home-the-cows-1881.jpg
Tonalism,Edward Mitchell Bannister ,Untitled (Moon Over a Harbor),https://uploads2.wikiart.org/images/edward-mitchell-bannister/untitled-moon-over-a-harbor-1868.jpg!Large.jpg
Tonalism,James McNeill Whistler ,Morning Glories,https://uploads0.wikiart.org/images/james-mcneill-whistler/morning-glories.jpg!Large.jpg
Tonalism,James McNeill Whistler ,Variations in Pink and Grey: Chelsea,https://uploads2.wikiart.org/images/james-mcneill-whistler/variations-in-pink-and-grey-chelsea.jpg!Large.jpg
Tonalism,Alexander Helwig Wyant ,"Near Conway, North Wales",https://uploads5.wikiart.org/00257/images/alexander-helwig-wyant/near-conway-north-wales-1868.jpg!Large.jpg
Tonalism,Alexander Helwig Wyant ,"Falls of the Ohio, Louisville",https://uploads1.wikiart.org/00257/images/alexander-helwig-wyant/falls-of-the-ohio-louisville-1863.jpg!Large.jpg
Tonalism,Albert Pinkham Ryder ,Perrette,https://uploads5.wikiart.org/images/albert-pinkham-ryder/perrette-1890.jpg!Large.jpg
Tonalism,Albert Pinkham Ryder ,Childe Harold's Pilgrimage,https://uploads5.wikiart.org/images/albert-pinkham-ryder/childe-harold-s-pilgrimage-1895.jpg!Large.jpg
Tonalism,Thomas Dewing ,The Song,https://uploads4.wikiart.org/00114/images/thomas-dewing/the-song-1891.jpg!Large.jpg
Tonalism,Thomas Dewing ,The Recitation,https://uploads1.wikiart.org/00114/images/thomas-dewing/the-recitation-1891.jpg!Large.jpg
Magic Realism,Pierre Roy ,Le chou-fleur,https://uploads8.wikiart.org/images/pierre-roy/le-chou-fleur-1931.jpg
Magic Realism,Pierre Roy ,Intérieur (Entrée d'un appartement Parisien),https://uploads5.wikiart.org/images/pierre-roy/int-rieur-entr-e-d-un-appartement-parisien.jpg
Magic Realism,Tsuguharu Foujita ,Couturier Cat,https://uploads6.wikiart.org/images/tsuguharu-foujita/couturier-cat-1927.jpg
Magic Realism,Tsuguharu Foujita ,My Dream,https://uploads1.wikiart.org/images/tsuguharu-foujita/my-dream-1947.jpg
Magic Realism,Giorgio Morandi ,Still Life,https://uploads2.wikiart.org/images/giorgio-morandi/still-life-1946.jpg!Large.jpg
Magic Realism,Giorgio Morandi ,Natura Morta,https://uploads3.wikiart.org/images/giorgio-morandi/natura-morta-1935.jpg
Magic Realism,Christian Schad ,St. Genois d’Anneaucourt,https://uploads6.wikiart.org/images/christian-schad/st-genois-d-anneaucourt-1927.jpg!Large.jpg
Magic Realism,Christian Schad ,"Agosta, the Pigeon-Chested Man, and Rasha, the Black Dove",https://uploads1.wikiart.org/images/christian-schad/agosta-the-pigeon-chested-man-and-rasha-the-black-dove-1929.jpg!Large.jpg
Magic Realism,Cagnaccio di San Pietro ,L’Alzana,https://uploads8.wikiart.org/images/cagnaccio-di-san-pietro/l-alzana-1926.jpg!Large.jpg
Magic Realism,Cagnaccio di San Pietro ,unknown title,https://uploads7.wikiart.org/images/cagnaccio-di-san-pietro/la-rosa-del-mare-1935.jpg!Large.jpg
Magic Realism,Ivan Albright ,Seaman,https://uploads8.wikiart.org/images/ivan-albright/seaman.jpg
Magic Realism,Ivan Albright ,There Were No Flowers Tonight,https://uploads1.wikiart.org/images/ivan-albright/noname-6.jpg
Impressionism,Eugene Boudin ,Princess Pauline Metternich on the Beach,https://uploads7.wikiart.org/images/eugene-boudin/princess-pauline-metternich-on-the-beach.jpg!Large.jpg
Impressionism,Eugene Boudin ,The Vauban Basin at Havre,https://uploads1.wikiart.org/images/eugene-boudin/the-vauban-basin-at-havre.jpg!Large.jpg
Impressionism,Giovanni Fattori ,"Silvestro Lega, nella pittura di Riva al Mare",https://uploads1.wikiart.org/images/giovanni-fattori/silvestro-lega-nella-pittura-di-riva-al-mare-1867.jpg!Large.jpg
Impressionism,Giovanni Fattori ,Nonne mit Esel,https://uploads7.wikiart.org/images/giovanni-fattori/nonne-mit-esel-1890.jpg!Large.jpg
Impressionism,Camille Pissarro ,Woman Carrying a Pitcher on Her Head,https://uploads6.wikiart.org/images/camille-pissarro/woman-carrying-a-pitcher-on-her-head.jpg!Large.jpg
Impressionism,Camille Pissarro ,"St. Stephen's Church, Lower Norwood",https://uploads8.wikiart.org/images/camille-pissarro/st-stephen-s-church-lower-norwood-1870.jpg!Large.jpg
Impressionism,Edouard Manet ,At the Cafe-Concert,https://uploads4.wikiart.org/images/edouard-manet/at-the-cafe-concert.jpg!Large.jpg
Impressionism,Edouard Manet ,Rochefort's Escape,https://uploads1.wikiart.org/images/edouard-manet/rochefort-s-escape-1881-1.jpg!Large.jpg
Impressionism,Edgar Degas ,The Millinery Shop,https://uploads3.wikiart.org/00224/images/edgar-degas/edgar-germain-hilaire-degas-011.jpg!Large.jpg
Impressionism,Edgar Degas ,"Mlle Fiocre in the Ballet ""The Source""",https://uploads6.wikiart.org/images/edgar-degas/mlle-fiocre-in-the-ballet-the-source-1868.jpg!Large.jpg
Impressionism,Claude Monet ,A Woman Reading,https://uploads2.wikiart.org/images/claude-monet/a-woman-reading(1).jpg!Large.jpg
Impressionism,Claude Monet ,Corner of the Apartment,https://uploads7.wikiart.org/images/claude-monet/corner-of-the-apartment.jpg!Large.jpg
Art Deco,Jean Dupas ,La Procession,https://uploads8.wikiart.org/images/jean-dupas/la-procession-1918.jpg
Art Deco,Jean Dupas ,Bal des Étudiants Poster,https://uploads0.wikiart.org/images/jean-dupas/bal-des-tudiants-poster-1927.jpg
Art Deco,Zinaida Serebriakova ,Still life attributes of art,https://uploads7.wikiart.org/images/zinaida-serebriakova/still-life-attributes-of-art-1922.jpg!Large.jpg
Art Deco,Zinaida Serebriakova ,On the beach,https://uploads0.wikiart.org/images/zinaida-serebriakova/on-the-beach-1927.jpg!Large.jpg
Art Deco,Eugeniusz Zak ,Landscape with a Palace,https://uploads3.wikiart.org/images/eugeniusz-ak/landscape-with-a-palace-1916.jpg!Large.jpg
Art Deco,Eugeniusz Zak ,Zak Pierrot,https://uploads4.wikiart.org/images/eugeniusz-ak/zak-pierrot.jpg!Large.jpg
Art Deco,Raphael Delorme ,Composition With Nudes,https://uploads8.wikiart.org/images/raphael-delorme/composition-with-nudes.jpg
Art Deco,Raphael Delorme ,Circus Parade,https://uploads8.wikiart.org/images/raphael-delorme/circus-parade.jpg
Art Deco,John Austen ,Hamlet,https://uploads0.wikiart.org/images/john-austen/hamlet-7.jpg!Large.jpg
Art Deco,John Austen ,Hamlet,https://uploads1.wikiart.org/images/john-austen/hamlet(1).jpg!Large.jpg
Art Deco,Archibald Motley ,"Dans La Rue, Paris",https://uploads3.wikiart.org/00230/images/archibald-motley/dans-la-rue-paris.jpg
Art Deco,Archibald Motley ,Portrait of Grandmother,https://uploads1.wikiart.org/00230/images/archibald-motley/portrait-of-grandmother.jpg!Large.jpg
Post Impressionism,Louis Comfort Tiffany,Landscape with Figure,https://uploads1.wikiart.org/images/louis-comfort-tiffany/landscape-with-figure-1870.jpg!Large.jpg
Post Impressionism,Louis Comfort Tiffany,Market Day,https://uploads8.wikiart.org/images/louis-comfort-tiffany/market-day-1873.jpg!Large.jpg
Post Impressionism,Paul Cezanne ,Ile de France Landscape,https://uploads5.wikiart.org/images/paul-cezanne/ile-de-france-landscape-1880-1.jpg!Large.jpg
Post Impressionism,Paul Cezanne ,Pierrot and Harlequin (Mardi Gras),https://uploads3.wikiart.org/images/paul-cezanne/pierrot-and-harlequin-mardi-gras-1888.jpg!Large.jpg
Post Impressionism,Georges Seurat,Grassy Riverbank,https://uploads7.wikiart.org/images/georges-seurat/grassy-riverbank-1881.jpg!Large.jpg
Post Impressionism,Georges Seurat,Man Painting his Boat,https://uploads3.wikiart.org/images/georges-seurat/man-painting-his-boat-1883.jpg!Large.jpg
Post Impressionism,Paul Gauguin ,Bathing in Front of the Port of Pont-Aven,https://uploads3.wikiart.org/images/paul-gauguin/bathing-in-front-of-the-port-of-pont-aven-1886.jpg!Large.jpg
Post Impressionism,Paul Gauguin ,Pots and Boquets,https://uploads5.wikiart.org/images/paul-gauguin/pots-and-boquets-1886.jpg!Large.jpg
Post Impressionism,Meijer de Haan ,Self-Portrait,https://uploads3.wikiart.org/images/meijer-de-haan/self-portrait-1891.jpg
Post Impressionism,Meijer de Haan ,"Lilacs in a Glass, Apple and Lemon",https://uploads6.wikiart.org/images/meijer-de-haan/lilacs-in-a-glass-apple-and-lemon-1890.jpg!Large.jpg
Post Impressionism,Vincent van Gogh ,The Starry Night,https://uploads4.wikiart.org/00142/images/vincent-van-gogh/the-starry-night.jpg!Large.jpg
Post Impressionism,Vincent van Gogh ,Self Portrait with Felt Hat,https://uploads6.wikiart.org/images/vincent-van-gogh/self-portrait-with-felt-hat.jpg!Large.jpg
Purism,Amedee Ozenfant ,Still Life,https://uploads1.wikiart.org/images/amedee-ozenfant/still-life-1921.jpg
Purism,Amedee Ozenfant ,Composition puriste,https://uploads1.wikiart.org/images/amedee-ozenfant/composition-puriste-1926.jpg
Purism,Le Corbusier ,Carton pour tapisserie (Marie Cuttoli),https://uploads7.wikiart.org/images/le-corbusier/carton-pour-tapisserie-marie-cuttoli-1936.jpg!Large.jpg
Purism,Le Corbusier ,Still Life,https://uploads8.wikiart.org/images/le-corbusier/still-life-1920.jpg!Large.jpg
Purism,Serge Charchoune ,"Composition, cubisme ornemental",https://uploads4.wikiart.org/images/serge-charchoune/composition-cubisme-ornemental-1922.jpg
Purism,Serge Charchoune ,Composition,https://uploads3.wikiart.org/images/serge-charchoune/composition-1943.jpg
Precisionism,Joseph Stella ,"Flowers, Italy",https://uploads3.wikiart.org/images/joseph-stella/flowers-italy-1931.jpg!Large.jpg
Precisionism,Joseph Stella ,The Virgin,https://uploads4.wikiart.org/images/joseph-stella/the-virgin.jpg!Large.jpg
Precisionism,Morton Shamberg ,Untitled (Mechanical Abstraction),https://uploads5.wikiart.org/images/morton-shamberg/untitled-mechanical-abstraction-1916.jpg!Large.jpg
Precisionism,Morton Shamberg ,Painting IV (Mechanical Abstraction),https://uploads8.wikiart.org/images/morton-shamberg/painting-iv-mechanical-abstraction-1916.jpg!Large.jpg
Precisionism,Charles Sheeler ,Windows,https://uploads8.wikiart.org/images/charles-sheeler/windows-1952.jpg!Large.jpg
Precisionism,Charles Sheeler ,Americana,https://uploads0.wikiart.org/images/charles-sheeler/americana-1931.jpg
Precisionism,Charles Demuth ,"Love, Love, Love (Gertrude Stein)",https://uploads0.wikiart.org/images/charles-demuth/love-love-love.jpg!Large.jpg
Precisionism,Charles Demuth ,Sail: In Two Movements,https://uploads3.wikiart.org/images/charles-demuth/sail-in-two-movements-1919.jpg!Large.jpg
Precisionism,Agnes Lawrence Pelton,Untitled,https://uploads6.wikiart.org/images/agnes-lawrence-pelton/untitled-1931.jpg!Large.jpg
Precisionism,Agnes Lawrence Pelton,Even Song,https://uploads7.wikiart.org/images/agnes-lawrence-pelton/even-song-1930.jpg!Large.jpg
Precisionism,George Ault ,The Stairway,https://uploads7.wikiart.org/00123/images/george-ault/the-stairway-1921.jpg!Large.jpg
Precisionism,George Ault ,Studio Interior,https://uploads2.wikiart.org/00115/images/george-ault/1971-447-4-1a.jpg!Large.jpg
Harlem Renaissance New Negro Movement,Horace Pippin ,Giving Thanks,https://uploads2.wikiart.org/images/horace-pippin/giving-thanks-1942.jpg
Harlem Renaissance New Negro Movement,Horace Pippin ,Mr. Prejudice,https://uploads1.wikiart.org/images/horace-pippin/mr-prejudice-1943.jpg
Harlem Renaissance New Negro Movement,Archibald Motley ,Brown Girl After Bath,https://uploads8.wikiart.org/00230/images/archibald-motley/brown-girl-after-bath.jpg!Large.jpg
Harlem Renaissance New Negro Movement,Archibald Motley ,Blues,https://uploads1.wikiart.org/00230/images/archibald-motley/blues.jpg!Large.jpg
Harlem Renaissance New Negro Movement,Aaron Douglas ,Congo,https://uploads7.wikiart.org/00164/images/aaron-douglas/untitled3-1.png!Large.png
Harlem Renaissance New Negro Movement,Aaron Douglas ,Into Bondage,https://uploads5.wikiart.org/00164/images/aaron-douglas/untitled-7.png
Harlem Renaissance New Negro Movement,William H. Johnson ,Chain Gang,https://uploads4.wikiart.org/images/william-h-johnson/chain-gang-1939.jpg!Large.jpg
Harlem Renaissance New Negro Movement,William H. Johnson ,Café,https://uploads6.wikiart.org/images/william-h-johnson/caf-1940.jpg!Large.jpg
Harlem Renaissance New Negro Movement,James Lesesne Wells ,The Negro Worker,https://uploads0.wikiart.org/00216/images/james-lesesne-wells/the-negro-worker-1938.jpg!Large.jpg
Harlem Renaissance New Negro Movement,James Lesesne Wells ,Builders,https://uploads1.wikiart.org/00216/images/james-lesesne-wells/builders-1929.jpg!Large.jpg
Harlem Renaissance New Negro Movement,Jacob Lawrence,Pool Parlor,https://uploads4.wikiart.org/images/jacob-lawrence/pool-parlor-1942(1).jpg
Harlem Renaissance New Negro Movement,Jacob Lawrence,"No. 2, Main Control Panel, Nerve Center of Ship",https://uploads2.wikiart.org/images/jacob-lawrence/no-2-main-control-panel-nerve-center-of-ship-1944(1).jpg!Large.jpg
Art Nouveau,Owen Jones ,Medieval Ornament Illuminated Manuscripts no. 1. Portions of illuminated manuscripts of the twelfth and thirteenth centuries,https://uploads8.wikiart.org/images/owen-jones/medieval-ornament-illuminated-manuscripts-no-1-portions-of-illuminated-manuscripts-of-the.jpg!Large.jpg
Art Nouveau,Owen Jones ,"Italian Ornament no. 2. Ornaments from the Palazzo Ducale, Mantua",https://uploads8.wikiart.org/images/owen-jones/italian-ornament-no-2-ornaments-from-the-palazzo-ducale-mantua.jpg!Large.jpg
Art Nouveau,Jules Cheret ,Cacao Lhara,https://uploads0.wikiart.org/images/jules-cheret/cacao-lhara-1890.jpg!Large.jpg
Art Nouveau,Jules Cheret ,Casino d'Enghien,https://uploads4.wikiart.org/images/jules-cheret/casino-d-enghien-1896.jpg
Art Nouveau,Gabriel von Max ,Light,https://uploads1.wikiart.org/images/gabriel-von-max/light.jpg!Large.jpg
Art Nouveau,Gabriel von Max ,Findelkind,https://uploads2.wikiart.org/images/gabriel-von-max/findelkind-1880.jpg!Large.jpg
Art Nouveau,Francesc Masriera ,Harem Girl,https://uploads0.wikiart.org/00277/images/francesc-masriera/masriera-oriental.jpg!Large.jpg
Art Nouveau,Francesc Masriera ,In the Presence of the Lord,https://uploads8.wikiart.org/00277/images/francesc-masriera/800px-francesc-masriera-in-the-presence-of-the-lord-google-art-project.jpg!Large.jpg
Art Nouveau,Eugène Grasset ,Spring,https://uploads6.wikiart.org/images/eug-ne-grasset/spring-1894.jpg!Large.jpg
Art Nouveau,Eugène Grasset ,La Belle Jardiniere – December,https://uploads1.wikiart.org/images/eug-ne-grasset/la-belle-jardiniere-december-1896.jpg!Large.jpg
Art Nouveau,Emile Galle ,In front of the swing mirror,https://uploads1.wikiart.org/images/emile-galle/in-front-of-the-swing-mirror.jpg
Art Nouveau,Emile Galle ,"Chine, Vase parlant",https://uploads5.wikiart.org/images/emile-galle/chine-vase-parlant-1889.jpg
Regionalism,Marsden Hartley ,"Landscape, New Mexico",https://uploads2.wikiart.org/images/marsden-hartley/landscape-new-mexico-1923.jpg
Regionalism,Marsden Hartley ,"Purple Mountains, Vence",https://uploads5.wikiart.org/images/marsden-hartley/purple-mountains-vence-1926.jpg!Large.jpg
Regionalism,Alfred Heber Hutty ,Spring County Landscape,https://uploads4.wikiart.org/00148/images/alfred-heber-hutty/springcountylandscape-1.jpeg
Regionalism,Alfred Heber Hutty ,Southern Oaks/Going Home,https://uploads2.wikiart.org/00148/images/alfred-heber-hutty/southernoaksgoinghome.jpeg
Regionalism,Rockwell Kent ,Mail Service in the Tropics,https://uploads8.wikiart.org/00193/images/rockwell-kent/mail-service-in-the-tropics.jpg!Large.jpg
Regionalism,Rockwell Kent ,Mail Service in the Arctic,https://uploads3.wikiart.org/00193/images/rockwell-kent/mail-service-in-the-arctic-1937.jpg!Large.jpg
Regionalism,Thomas Hart Benton ,Self-portrait with Rita,https://uploads1.wikiart.org/00216/images/thomas-hart-benton/self-portrait-with-rita.jpg!Large.jpg
Regionalism,Thomas Hart Benton ,July Hay,https://uploads7.wikiart.org/images/thomas-hart-benton/july-hay.jpg!Large.jpg
Regionalism,Grace Albee ,"7 rue Campagne-Première, Paris Court",https://uploads6.wikiart.org/00142/images/grace-albee/professionalization-albeeg-pariscourt-1929.jpg
Regionalism,Grace Albee ,Breton Ruins,https://uploads8.wikiart.org/00142/images/grace-albee/professionalization-albeeg-bretonruins-1930.jpg!Large.jpg
Regionalism,Grant Wood ,American Gothic,https://uploads2.wikiart.org/images/grant-wood/american-gothic-1930.jpg!Large.jpg
Regionalism,Grant Wood ,The Appraisal,https://uploads8.wikiart.org/images/grant-wood/the-appraisal-1931.jpg
Socialist Realism,Ivan Vladimirov ,Foreigners in Leningrad,https://uploads5.wikiart.org/images/ivan-vladimirov/foreigners-in-leningrad-1937.jpg
Socialist Realism,Ivan Vladimirov ,Agitator,https://uploads4.wikiart.org/images/ivan-vladimirov/agitator.jpg!Large.jpg
Socialist Realism,Igor Grabar ,Nikolai Gogol. The Overcoat,https://uploads8.wikiart.org/images/igor-grabar/nikolai-gogol-the-overcoat.jpg
Socialist Realism,Igor Grabar ,Girl in Russian Shawl,https://uploads4.wikiart.org/images/igor-grabar/girl-in-russian-shawl.jpg!Large.jpg
Socialist Realism,Wojciech Weiss ,Manifesto,https://uploads0.wikiart.org/00145/images/wojciech-weiss/manifesto-1950.jpg!Large.jpg
Socialist Realism,Wojciech Weiss ,Self-Portrait,https://uploads2.wikiart.org/00140/images/wojciech-weiss/autoportret-1902.jpg!Large.jpg
Socialist Realism,Eugene Lanceray ,Soldiers near Captured Weapons,https://uploads7.wikiart.org/00145/images/evgeniy-evgenevich/soldiers-near-captured-weapons-1942.jpg!Large.jpg
Socialist Realism,Eugene Lanceray ,Blazon of Soviet Georgia,https://uploads5.wikiart.org/00145/images/evgeniy-evgenevich/blazon-of-soviet-georgia.jpg!Large.jpg
Socialist Realism,Konstantin Yuon ,Disappearing Province,https://uploads4.wikiart.org/images/konstantin-yuon/disappearing-province-1929.jpg!Large.jpg
Socialist Realism,Konstantin Yuon ,Returning from the Work,https://uploads6.wikiart.org/images/konstantin-yuon/returning-from-the-work-1930.jpg!Large.jpg
Socialist Realism,Pyotr Konchalovsky ,At summer,https://uploads4.wikiart.org/images/pyotr-konchalovsky/at-summer-1939.jpg!Large.jpg
Socialist Realism,Pyotr Konchalovsky ,Where to give blood here?,https://uploads1.wikiart.org/images/pyotr-konchalovsky/where-to-give-blood-here-1942.jpg!Large.jpg
Muralism,Jose Clemente Orozco ,Cortés and La Malinche,https://uploads1.wikiart.org/images/jose-clemente-orozco/cort%C3%A9s-and-la-malinche-1926.jpg!Large.jpg
Muralism,Jose Clemente Orozco ,The Franciscans,https://uploads3.wikiart.org/images/jose-clemente-orozco/the-franciscans-1926.jpg!Large.jpg
Muralism,Jorge González Camarena,Madre Patria,https://uploads3.wikiart.org/00128/images/jorge-gonzalez-camarena/113-620x400.jpg
Muralism,Jorge González Camarena,El Abrazo,https://uploads2.wikiart.org/00128/images/jorge-gonzalez-camarena/el-abrazo.jpg!Large.jpg
Muralism,Diego Rivera ,Man at the Crossroads,https://uploads1.wikiart.org/images/diego-rivera/man-controller-of-the-universe-1934.jpg!Large.jpg
Muralism,Diego Rivera ,Triumph of the Revolution,https://uploads5.wikiart.org/images/diego-rivera/triumph-of-the-revolution-1926.jpg!Large.jpg
Muralism,Antonio Berni,LA NIÑA,https://uploads7.wikiart.org/00221/images/antonio-berni/la-ni-a.jpg
Muralism,Antonio Berni,Jujuy,https://uploads1.wikiart.org/00221/images/antonio-berni/jujuy-1937.jpg
Muralism,Carlos Merida ,Dances of Mexico,https://uploads6.wikiart.org/images/carlos-merida/dances-of-mexico-1939.jpg!Large.jpg
Muralism,Carlos Merida ,Native Couple,https://uploads2.wikiart.org/images/carlos-merida/native-couple-1939.jpg
Muralism,Manuel Rodríguez Lozano ,La Piedad En El Desierto,https://uploads7.wikiart.org/00176/images/manuel-rodriguez-lozano/la-piedad-en-el-desierto-mural-1942-fresco-sobre-bastidor-met-lico-m-vil-260x230-museo-bellas-artes.jpg!Large.jpg
Expressionism,Lovis Corinth ,A Mother's Love,https://uploads4.wikiart.org/images/lovis-corinth/a-mother-s-love-1911.jpg
Expressionism,Lovis Corinth ,The Blinded Samson,https://uploads7.wikiart.org/images/lovis-corinth/the-blinded-samson-1912.jpg
Expressionism,James Ensor ,Skeletons Trying to Warm Themselves,https://uploads5.wikiart.org/images/james-ensor/skeletons-trying-to-warm-themselves-1889.jpg!Large.jpg
Expressionism,James Ensor ,The Dangerous Cooks,https://uploads6.wikiart.org/images/james-ensor/the-dangerous-cooks-1896.jpg
Expressionism,Marianne von Werefkin ,Le Chiffonnier,https://uploads7.wikiart.org/00171/images/marianne-von-werefkin/db0lve28-ky.jpg!Large.jpg
Expressionism,Marianne von Werefkin ,?????? ??. ???? ? ??????,https://uploads0.wikiart.org/00171/images/marianne-von-werefkin/0-1312fd-5545b69e-xxxl.jpg!Large.jpg
Expressionism,Helene Schjerfbeck ,Girl from Eydtkuhnen II,https://uploads0.wikiart.org/images/helene-schjerfbeck/girl-from-eydtkuhnen-ii-1927.jpg!Large.jpg
Expressionism,Helene Schjerfbeck ,Rosy-Cheeked Girl,https://uploads3.wikiart.org/images/helene-schjerfbeck/rosy-cheeked-girl-1927.jpg!Large.jpg
Expressionism,Carl Holsøe ,Woman in an Interior with a Mirror,https://uploads4.wikiart.org/00116/images/carl-holsoe/carl-vilhelm-hols-e-www-kaifineart-com-3-2.jpg!Large.jpg
Expressionism,Carl Holsøe ,The Music Room,https://uploads6.wikiart.org/00116/images/carl-holsoe/carl-vilhelm-hols-e-www-kaifineart-com-2-2-1.jpg!Large.jpg
Expressionism,Edvard Munch ,The Scream,https://uploads2.wikiart.org/images/edvard-munch/the-scream-1893(2).jpg!Large.jpg
Expressionism,Edvard Munch ,Self portrait,https://uploads1.wikiart.org/images/edvard-munch/self-portrait-1886.jpg
Neo Romanticism,Walter Crane ,The Frog Prince and other stories,https://uploads6.wikiart.org/images/walter-crane/the-frog-prince-and-other-stories-1874-10.jpg
Neo Romanticism,Walter Crane ,"Europe, Asia, Africa",https://uploads7.wikiart.org/images/walter-crane/europe-asia-africa-1870.jpg!Large.jpg
Neo Romanticism,Theodor Severin Kittelsen ,The charmin Kristian - Kristian Hjerteknuser,https://uploads8.wikiart.org/images/theodor-severin-kittelsen/the-charmin-kristian-kristian-hjerteknuser-1887.jpg!Large.jpg
Neo Romanticism,Theodor Severin Kittelsen ,In the waiting room - I venteverelset,https://uploads1.wikiart.org/images/theodor-severin-kittelsen/in-the-waiting-room-i-venteverelset-1883.jpg!Large.jpg
Neo Romanticism,Stanley Spencer ,Apple Gatherers,https://uploads7.wikiart.org/images/stanley-spencer/apple-gatherers-1913.jpg!Large.jpg
Neo Romanticism,Stanley Spencer ,The Roundabout,https://uploads6.wikiart.org/images/stanley-spencer/the-roundabout-1923.jpg!Large.jpg
Neo Romanticism,Edwin Dickinson ,Barbara Brown,https://uploads4.wikiart.org/images/edwin-dickinson/barbara-brown-1926.jpg
Neo Romanticism,Edwin Dickinson ,The Cello Player,https://uploads8.wikiart.org/images/edwin-dickinson/the-cello-player-1926.jpg!Large.jpg
Neo Romanticism,Richard Eurich ,"Mousehole, Cornwall",https://uploads7.wikiart.org/00221/images/richard-eurich/mousehole-cornwall-1938.jpg!Large.jpg
Neo Romanticism,Richard Eurich ,The Mummers,https://uploads0.wikiart.org/00221/images/richard-eurich/the-mummers-1952.jpg!Large.jpg
Neo Romanticism,Graham Sutherland ,Tree Form,https://uploads1.wikiart.org/00228/images/graham-sutherland/tree-form-1941.jpg!Large.jpg
Neo Romanticism,Graham Sutherland ,Bird in Landscape,https://uploads0.wikiart.org/00228/images/graham-sutherland/bird-in-landscape-1944.jpg!Large.jpg
Cubism,Pablo Picasso,Harlequin,https://uploads8.wikiart.org/images/pablo-picasso/harlequin-1918.jpg!Large.jpg
Cubism,Pablo Picasso,Las Meninas (Velazquez),https://uploads2.wikiart.org/images/pablo-picasso/las-meninas-velazquez-1957.jpg!Large.jpg
Cubism,Alice Bailly ,Tea Time,https://uploads7.wikiart.org/00150/images/alice-bailly/l-heure-du-th-by-alice-bailly-1.jpg!Large.jpg
Cubism,Alice Bailly ,Equestrian Fantasy with Pink Lady,https://uploads0.wikiart.org/00145/images/alice-bailly/display-image-25.jpg!Large.jpg
Cubism,Jacques Villon ,Girl at the Piano (Fillette au piano),https://uploads8.wikiart.org/images/jacques-villon/girl-at-the-piano-fillette-au-piano-1912.jpg!Large.jpg
Cubism,Jacques Villon ,La Lutte,https://uploads7.wikiart.org/images/jacques-villon/la-lutte-1957.jpg
Cubism,Julio Gonzalez ,Homme cactus dansant,https://uploads1.wikiart.org/images/julio-gonzalez/homme-cactus-dansant-1939.jpg
Cubism,Julio Gonzalez ,Visage criant a la grande main,https://uploads3.wikiart.org/images/julio-gonzalez/visage-criant-a-la-grande-main-1941.jpg!Large.jpg
Cubism,Bela Kadar ,Dissolving Houses,https://uploads3.wikiart.org/images/bela-kadar/dissolving-houses-1920.jpg
Cubism,Bela Kadar ,Mother with his child,https://uploads2.wikiart.org/images/bela-kadar/mother-with-his-child.jpg
Cubism,Georges Braque,The Bottle of Marc,https://uploads0.wikiart.org/images/georges-braque/the-bottle-of-marc-1930.jpg!Large.jpg
Cubism,Georges Braque,Viaduct at Estaque,https://uploads4.wikiart.org/images/georges-braque/viaduct-at-estaque.jpg!Large.jpg
Abstract Expressionism,Hans Hofmann ,Aquatic Garden,https://uploads2.wikiart.org/images/hans-hofmann/aquatic-garden-1960.jpg
Abstract Expressionism,Hans Hofmann ,Ecstasy,https://uploads4.wikiart.org/images/hans-hofmann/ecstasy-1947.jpg
Abstract Expressionism,Anne Ryan ,Number 319,https://uploads4.wikiart.org/images/anne-ryan/number-319-1949.jpg
Abstract Expressionism,Anne Ryan ,Number 587,https://uploads5.wikiart.org/images/anne-ryan/number-587-1952.jpg!Large.jpg
Abstract Expressionism,Mark Tobey ,Fish Market (Seattle Market Scene Sketch),https://uploads8.wikiart.org/images/mark-tobey/fish-market-seattle-market-scene-sketch-1943.jpg!Large.jpg
Abstract Expressionism,Mark Tobey ,not identified,https://uploads6.wikiart.org/images/mark-tobey/not-identified-1.jpg
Abstract Expressionism,Mordecai Ardon ,Composition with the Sun,https://uploads0.wikiart.org/images/mordecai-ardon/composition-with-the-sun.jpg
Abstract Expressionism,Mordecai Ardon ,Testament of a Dead Leaf,https://uploads6.wikiart.org/images/mordecai-ardon/testament-of-a-dead-leaf-1959.jpg!Large.jpg
Abstract Expressionism,Jock Macdonald ,Riviera Winter Colour Symphony,https://uploads2.wikiart.org/images/jock-macdonald/riviera-winter-colour-symphony-1955.jpg
Abstract Expressionism,Jock Macdonald ,From a Riviera Window,https://uploads3.wikiart.org/images/jock-macdonald/from-a-riviera-window-1955.jpg!Large.jpg
Abstract Expressionism,Bradley Walker Tomlin ,Maneuver for Position,https://uploads1.wikiart.org/images/bradley-walker-tomlin/maneuver-for-position-1947.jpg!Large.jpg
Abstract Expressionism,Bradley Walker Tomlin ,Bradley Walker Tomlin,https://uploads1.wikiart.org/images/bradley-walker-tomlin/no-5-1952.jpg
Orphism,Frantisek Kupka ,Madame Kupka between verticals,https://uploads8.wikiart.org/images/frantisek-kupka/madame-kupka-between-verticals.jpg!Large.jpg
Orphism,Frantisek Kupka ,Piano Keys Lake,https://uploads7.wikiart.org/images/frantisek-kupka/piano-keys-lake-1905.jpg!Large.jpg
Orphism,Leopold Survage ,Destins,https://uploads7.wikiart.org/images/l-opold-survage/destins-1954.jpg
Orphism,Leopold Survage ,Colored Rhythm: Study for the Film,https://uploads0.wikiart.org/images/l-opold-survage/colored-rhythm-study-for-the-film-1913(5).jpg
Orphism,Robert Delaunay ,Man with a Tulip (also known as Portrait of Jean Metzinger),https://uploads8.wikiart.org/images/robert-delaunay/man-with-a-tulip-also-known-as-portrait-of-jean-metzinger.jpg!Large.jpg
Orphism,Robert Delaunay ,Rhythm,https://uploads4.wikiart.org/images/robert-delaunay/rhythm-1.jpg!Large.jpg
Orphism,Sonia Delaunay ,Composition 12,https://uploads8.wikiart.org/images/sonia-delaunay/composition-12.jpg
Orphism,Sonia Delaunay ,Flamenco singer,https://uploads1.wikiart.org/images/sonia-delaunay/flamenco-singer.jpg!Large.jpg
Orphism,August Macke ,Colored composition (Hommage to Johann Sebastian Bachh),https://uploads1.wikiart.org/images/august-macke/colored-composition-hommage-to-johann-sebastian-bachh.jpg!Large.jpg
Orphism,August Macke ,Woman in front of a large illuminated window,https://uploads1.wikiart.org/images/august-macke/woman-in-front-of-a-large-illuminated-window.jpg!Large.jpg
Tachisme(Informel),Willi Baumeister ,Lutins au Printemps,https://uploads2.wikiart.org/images/willi-baumeister/lutins-au-printemps-1953.jpg
Tachisme(Informel),Willi Baumeister ,Aru 2,https://uploads6.wikiart.org/images/willi-baumeister/aru-2-1955.jpg
Tachisme(Informel),Carl Buchheister ,Komposition Verwa,https://uploads0.wikiart.org/images/carl-buchheister/komposition-verwa-1952.jpg
Tachisme(Informel),Carl Buchheister ,Unvollendet IV,https://uploads6.wikiart.org/images/carl-buchheister/unvollendet-iv-1958.jpg
Tachisme(Informel),Julius Bissier ,12.XI.59,https://uploads8.wikiart.org/images/julius-bissier/12-xi-59-1959.jpg!Large.jpg
Tachisme(Informel),Julius Bissier ,Dongo,https://uploads4.wikiart.org/images/julius-bissier/dongo-1964.jpg
Tachisme(Informel),Bram van Velde ,Untitled,https://uploads7.wikiart.org/images/bram-van-velde/untitled-1975.jpg
Tachisme(Informel),Bram van Velde ,Untitled,https://uploads7.wikiart.org/images/bram-van-velde/untitled-1948.jpg
Tachisme(Informel),Jean Fautrier ,Monsieur Tarabuste,https://uploads7.wikiart.org/images/jean-fautrier/monsieur-tarabuste-1948.jpg
Tachisme(Informel),Jean Fautrier ,Green Seas,https://uploads8.wikiart.org/images/jean-fautrier/green-seas-1958.jpg
Tachisme(Informel),Bice Lazzari ,Rhythm,https://uploads7.wikiart.org/images/bice-lazzari/rhythm-1956(2).jpg!Large.jpg
Tachisme(Informel),Bice Lazzari ,Untitled,https://uploads5.wikiart.org/images/bice-lazzari/untitled-1975.jpg
Futurism,Nikolai Kulbin ,Mimosa,https://uploads1.wikiart.org/00103/images/nikolai-kulbin/mimosa-1910.jpg
Futurism,Nikolai Kulbin ,Portrait of F.T.Marinetti,https://uploads7.wikiart.org/00103/images/nikolai-kulbin/portrait-of-f-t-marinetti.jpg!Large.jpg
Futurism,Giacomo Balla ,Street Light,https://uploads2.wikiart.org/images/giacomo-balla/street-light-1909.jpg!Large.jpg
Futurism,Giacomo Balla ,Study for Iridescent Interpenetration,https://uploads0.wikiart.org/images/giacomo-balla/study-for-iridescent-interpenetration-1912.jpg!Large.jpg
Futurism,Joaquin Torres Garcia ,El Puerto de Barcelona,https://uploads2.wikiart.org/images/joaquin-torres-garcia/el-puerto-de-barcelona-1919.jpg!Large.jpg
Futurism,Joseph Stella ,Futurist Composition,https://uploads4.wikiart.org/images/joseph-stella/not-detected-276184.jpg!Large.jpg
Futurism,Joseph Stella ,Brooklyn Bridge,https://uploads5.wikiart.org/images/joseph-stella/brooklyn-bridge-1920.jpg!Large.jpg
Futurism,Carlo Carra ,Swimmers,https://uploads0.wikiart.org/images/carlo-carra/swimmers.jpg!Large.jpg
Futurism,Carlo Carra ,Omaggio a Betuda Futurista,https://uploads5.wikiart.org/images/carlo-carra/omaggio-a-betuda-futurista-1915.jpg!Large.jpg
Futurism,David Burliuk ,Life of cossack,https://uploads0.wikiart.org/images/david-burliuk/life-of-cossack.jpg!Large.jpg
Futurism,David Burliuk ,Futuristic woman,https://uploads6.wikiart.org/images/david-burliuk/futuristic-woman-1911.jpg!Large.jpg
Haute Pate Matter Painting,Jean Fautrier ,Composition,https://uploads4.wikiart.org/images/jean-fautrier/composition.jpg
Haute Pate Matter Painting,Jean Fautrier ,Otage n°3,https://uploads1.wikiart.org/00210/images/jean-fautrier/faut-fusil.jpg!Large.jpg
Haute Pate Matter Painting,Jean Dubuffet ,Grand Maitre of the Outsider,https://uploads0.wikiart.org/images/jean-dubuffet/grand-maitre-of-the-outsider-1947.jpg!Large.jpg
Haute Pate Matter Painting,Jean Dubuffet ,Subway,https://uploads8.wikiart.org/images/jean-dubuffet/subway.jpg
Haute Pate Matter Painting,Bernard Schultze ,Vitalité,https://uploads8.wikiart.org/images/bernard-schultze/vitalit-1955.jpg
Haute Pate Matter Painting,Bernard Schultze ,Hommage à Picasso,https://uploads7.wikiart.org/images/bernard-schultze/hommage-picasso-1974.jpg
Haute Pate Matter Painting,Bram Bogart ,Fete des Tirlantijnen,https://uploads3.wikiart.org/images/bram-bogart/fete-des-tirlantijnen.jpg
Haute Pate Matter Painting,Bram Bogart ,Blauwomgeel,https://uploads7.wikiart.org/images/bram-bogart/blauwomgeel-1967.jpg
Haute Pate Matter Painting,Antoni Tapies ,Ban de Loo Cologne,https://uploads8.wikiart.org/images/antoni-t-pies/ban-de-loo-cologne-1972.jpg!Large.jpg
Haute Pate Matter Painting,Antoni Tapies ,Roba interior,https://uploads3.wikiart.org/images/antoni-t-pies/roba-interior-1972.jpg!Large.jpg
Haute Pate Matter Painting,Modest Cuixart ,Constelación,https://uploads2.wikiart.org/images/modest-cuixart/constelaci-n-1949.jpg
Haute Pate Matter Painting,Modest Cuixart ,Mont del cercle,https://uploads5.wikiart.org/images/modest-cuixart/mont-del-cercle-1959.jpg
Cubo Futurism,Oleksandr Bogomazov ,Sennoy market. Kiev.,https://uploads5.wikiart.org/images/oleksandr-bogomazov/sennoy-market-kiev-1914.jpg!Large.jpg
Cubo Futurism,Oleksandr Bogomazov ,Toys,https://uploads0.wikiart.org/images/oleksandr-bogomazov/toys-1914.jpg!Large.jpg
Cubo Futurism,Natalia Goncharova ,The little station,https://uploads8.wikiart.org/images/natalia-goncharova/the-little-station.jpg!Large.jpg
Cubo Futurism,Natalia Goncharova ,The weaver (loom+woman),https://uploads7.wikiart.org/images/natalia-goncharova/the-weaver-loom-woman-1913.jpg!Large.jpg
Cubo Futurism,Aristarkh Lentulov ,Saint Basil's Cathedral,https://uploads0.wikiart.org/images/aristarkh-lentulov/saint-basil-s-cathedral-1913.jpg!Large.jpg
Cubo Futurism,Aristarkh Lentulov ,Portrait of Artist's Wife and Daughter,https://uploads5.wikiart.org/images/aristarkh-lentulov/portrait-of-artist-s-wife-and-daughter-1915.jpg
Cubo Futurism,Aleksandra Ekster ,City,https://uploads7.wikiart.org/images/aleksandra-ekster/city-1913.jpg!Large.jpg
Cubo Futurism,Aleksandra Ekster ,"Costume Design for the play ""Famira Kifared""",https://uploads8.wikiart.org/images/aleksandra-ekster/costume-design-for-the-play-famira-kifared-1916.jpg
Cubo Futurism,Vadym Meller ,Composition,https://uploads6.wikiart.org/00124/images/vadym-meller/composition-1918.jpg
Cubo Futurism,Olga Rozanova ,Pub (Auction),https://uploads5.wikiart.org/images/olga-rozanova/pub-auction.jpg!Large.jpg
Cubo Futurism,Olga Rozanova ,Blue on Tin,https://uploads4.wikiart.org/images/olga-rozanova/blue-on-tin.jpg
Rayonism,Mikhail Larionov ,Bull's Head,https://uploads2.wikiart.org/00124/images/mikhail-larionov/bull-s-head-1913.jpg!Large.jpg
Rayonism,Mikhail Larionov ,Russian Tales,https://uploads3.wikiart.org/00124/images/mikhail-larionov/russian-tales-1916.jpg
Rayonism,Natalia Goncharova ,Electric lamp,https://uploads3.wikiart.org/images/natalia-goncharova/electric-lamp.jpg!Large.jpg
Rayonism,Natalia Goncharova ,Rayonist lilies,https://uploads5.wikiart.org/images/natalia-goncharova/rayonist-lilies.jpg!Large.jpg
Vorticism,Wyndham Lewis ,The Crowd,https://uploads8.wikiart.org/images/wyndham-lewis/the-crowd-1915.jpg!Large.jpg
Vorticism,Edward Wadsworth ,Landscape,https://uploads5.wikiart.org/images/edward-wadsworth/landscape-1913(1).jpg!Large.jpg
Vorticism,Edward Wadsworth ,"Broadbottom, near Glossop",https://uploads2.wikiart.org/images/edward-wadsworth/broadbottom-near-glossop-1922(1).jpg!Large.jpg
Vorticism,David Bomberg ,Barges,https://uploads5.wikiart.org/images/david-bomberg/barges-1919.jpg!Large.jpg
Vorticism,David Bomberg ,Imaginative Composition - 'The Tent',https://uploads4.wikiart.org/images/david-bomberg/imaginative-composition-the-tent-1923.jpg!Large.jpg
Synchromism,Morgan Russell ,Synchromist Nude,https://uploads6.wikiart.org/images/morgan-russell/synchromist-nude-1913.jpg
Synchromism,Morgan Russell ,Synchromy,https://uploads8.wikiart.org/images/morgan-russell/synchromy-1916.jpg
Synchromism,Thomas Hart Benton ,The Cliffs,https://uploads7.wikiart.org/00216/images/thomas-hart-benton/thomas-hart-benton-the-cliffs.jpg!Large.jpg
Synchromism,Thomas Hart Benton ,Woman,https://uploads2.wikiart.org/00216/images/thomas-hart-benton/thomas-hart-benton-woman.jpg!Large.jpg
Neo Surrealism,David Lynch ,Six Men Getting Sick,https://uploads4.wikiart.org/00203/images/david-lynch/six-men-getting-sick-1967.jpg!Large.jpg
Neo Surrealism,David Lynch ,"Ok ... I Can Dream, Right?",https://uploads8.wikiart.org/00203/images/david-lynch/ok-i-can-dream-right.jpg!Large.jpg
Neo Surrealism,Victo Ngai ,Frogfolio Utopia,https://uploads3.wikiart.org/00231/images/victo-ngai/636569-102-1160-mtezntg1mjc3mjkyodm2nzg0.jpg!Large.jpg
Neo Surrealism,Victo Ngai ,Model Update,https://uploads1.wikiart.org/00231/images/victo-ngai/5918-203486.jpg!Large.jpg
Dada,Alice Bailly ,The Battle of Tolochenaz,https://uploads0.wikiart.org/00145/images/alice-bailly/display-image-21.jpg!Large.jpg
Dada,Elsa von Freytag-Loringhoven ,Facing,https://uploads1.wikiart.org/images/elsa-von-freytag-loringhoven/facing-1924.jpg
Dada,Elsa von Freytag-Loringhoven ,Dada Portrait of Berenice Abbott,https://uploads0.wikiart.org/images/elsa-von-freytag-loringhoven/dada-portrait-of-berenice-abbott-1926.jpg
Dada,Arthur Segal ,Vom Strande. Page 11,https://uploads8.wikiart.org/images/arthur-segal/vom-strande-page-11-1913.jpg!Large.jpg
Dada,Arthur Segal ,Vom Strande. Cover,https://uploads6.wikiart.org/images/arthur-segal/vom-strande-cover-1913.jpg!Large.jpg
Dada,Francis Picabia ,Machine Turn Quickly,https://uploads7.wikiart.org/images/francis-picabia/machine-turn-quickly.jpg!Large.jpg
Dada,Francis Picabia ,Spanish Night,https://uploads5.wikiart.org/images/francis-picabia/spanish-night-1922.jpg!Large.jpg
Dada,Morton Shamberg ,God (in collaboration with Elsa von Freytag-Loringhoven),https://uploads1.wikiart.org/images/morton-shamberg/god-in-collaboration-with-elsa-von-freytag-loringhoven-1917.jpg!Large.jpg
Dada,Georges Ribemont-Dessaignes ,Untitled,https://uploads6.wikiart.org/images/georges-ribemont-dessaignes/untitled.jpg
Dada,Georges Ribemont-Dessaignes ,Silence,https://uploads1.wikiart.org/images/georges-ribemont-dessaignes/silence-1915.jpg
Suprematism,Kazimir Malevich ,Red square,https://uploads3.wikiart.org/images/kazimir-malevich/red-square-1915.jpg!Large.jpg
Suprematism,Kazimir Malevich ,Suprematism,https://uploads6.wikiart.org/images/kazimir-malevich/suprematism-1915-1.jpg!Large.jpg
Suprematism,Aleksandra Ekster ,Painting,https://uploads5.wikiart.org/images/aleksandra-ekster/painting.jpg
Suprematism,Aleksandra Ekster ,"Blue, black, red",https://uploads7.wikiart.org/images/aleksandra-ekster/blue-black-red-1918.jpg
Suprematism,Olga Rozanova ,Universal war,https://uploads7.wikiart.org/images/olga-rozanova/universal-war.jpg!Large.jpg
Suprematism,Olga Rozanova ,Color Painting (Non-Objective Composition),https://uploads7.wikiart.org/images/olga-rozanova/color-painting-non-objective-composition.jpg!Large.jpg
Suprematism,Lyubov Popova ,Space Force Construction,https://uploads2.wikiart.org/images/lyubov-popova/space-force-construction-2.jpg!Large.jpg
Suprematism,Lyubov Popova ,Lineare Composition,https://uploads4.wikiart.org/images/lyubov-popova/lineare-composition.jpg!Large.jpg
Suprematism,Vytautas Kairiukstis ,Composition,https://uploads5.wikiart.org/00125/images/vytautas-kairiukstis/t-4548-800x1013.jpg!Large.jpg
Suprematism,Vytautas Kairiukstis ,Suprematistin? Kompozicija,https://uploads3.wikiart.org/00132/images/vytautas-kairiukstis/suprematistin-kompozicija-1923.jpg!Large.jpg
Suprematism,El Lissitzky ,Beat the Whites with the Red Wedge,https://uploads5.wikiart.org/images/el-lissitzky/beat-the-whites-with-the-red-wedge-1920.jpg!Large.jpg
Suprematism,El Lissitzky ,Insert the red and clear on black,https://uploads4.wikiart.org/images/el-lissitzky/insert-the-red-and-clear-on-black-1920.jpg!Large.jpg
Sots Art,Erik Bulatov ,Entering the Red Plane,https://uploads3.wikiart.org/00165/images/erik-bulatov/entering-the-red-plane-1995.jpg
Sots Art,Erik Bulatov ,Skier,https://uploads4.wikiart.org/00165/images/erik-bulatov/skier-1974.jpg
Constructivism,Aleksandra Ekster ,Costume Design,https://uploads2.wikiart.org/images/aleksandra-ekster/costume-design.jpg
Constructivism,Aleksandra Ekster ,Color Dynamics,https://uploads8.wikiart.org/images/aleksandra-ekster/color-dynamics-1914.jpg!Large.jpg
Constructivism,Vadym Meller ,Costume Design,https://uploads7.wikiart.org/00124/images/vadym-meller/costume-design-2.jpg!Large.jpg
Constructivism,Vadym Meller ,Uknown,https://uploads6.wikiart.org/00124/images/vadym-meller/uknown.jpg!Large.jpg
Constructivism,Janos Mattis-Teutsch ,Assembly Line (fresco draft),https://uploads5.wikiart.org/images/janos-mattis-teutsch/assembly-line-fresco-draft-1930.jpg!Large.jpg
Constructivism,Janos Mattis-Teutsch ,Composition (Attitudes),https://uploads0.wikiart.org/images/janos-mattis-teutsch/composition-attitudes-1930.jpg!Large.jpg
Constructivism,Vladimir Tatlin ,"Sketch for stage set, Glinka's Ivan Susanin",https://uploads7.wikiart.org/images/vladimir-tatlin/sketch-for-stage-set-glinka-s-ivan-susanin-1914.jpg!Large.jpg
Constructivism,Vladimir Tatlin ,Monument to the Third International,https://uploads8.wikiart.org/images/vladimir-tatlin/monument-to-the-third-international-1920.jpg
Constructivism,Lajos Kassak ,Picturial Architecture,https://uploads2.wikiart.org/images/lajos-kassak/picturial-architecture-1922.jpg!Large.jpg
Constructivism,Lajos Kassak ,Composition (Red Forms),https://uploads5.wikiart.org/images/lajos-kassak/composition-red-forms.jpg!Large.jpg
Abstract Illusionism,Paul Reed ,CKW,https://uploads7.wikiart.org/images/paul-reed/ckw-2002.jpg!Large.jpg
Abstract Illusionism,Paul Reed ,#20,https://uploads6.wikiart.org/images/paul-reed/20-1962.jpg!Large.jpg
Abstract Illusionism,Al Held ,Taxi Cab II,https://uploads3.wikiart.org/images/al-held/taxi-cab-ii-1959.jpg
Abstract Illusionism,Al Held ,Untitled,https://uploads0.wikiart.org/images/al-held/untitled-1954.jpg
Abstract Illusionism,Ronald Davis ,Hot Dog Painting,https://uploads5.wikiart.org/images/ronald-davis/hot-dog-painting-1963.jpg!Large.jpg
Abstract Illusionism,Ronald Davis ,Pink Mirror,https://uploads0.wikiart.org/images/ronald-davis/pink-mirror-1969.jpg!Large.jpg
Abstract Illusionism,Eduardo Nery ,Vida e Morte,https://uploads0.wikiart.org/images/eduardo-nery/vida-e-morte-1972.jpg
Abstract Illusionism,Eduardo Nery ,Trânsito Celeste,https://uploads4.wikiart.org/images/eduardo-nery/tr-nsito-celeste-1972.jpg
Abstract Illusionism,Cricorps ,Ils sont tombés...,https://uploads3.wikiart.org/00205/images/koboyan-gregoire/c-modifi-1.jpg!Large.jpg
Abstract Illusionism,Cricorps ,Vue abstraite,https://uploads5.wikiart.org/00179/images/koboyan-gregoire/vue-abstraite1.jpg!Large.jpg
Analytical Realism,Pavel Filonov ,Heads,https://uploads3.wikiart.org/images/pavel-filonov/heads-1910.jpg
Analytical Realism,Pavel Filonov ,East and West,https://uploads3.wikiart.org/images/pavel-filonov/east-and-west-1913.jpg!Large.jpg
Mail Art,May Wilson ,Snowflake Collage (Muscle Gods),https://uploads7.wikiart.org/images/may-wilson/snowflake-collage-muscle-gods-1967.jpg!Large.jpg
Mail Art,May Wilson ,Snowflake Series (Pink Netting),https://uploads7.wikiart.org/images/may-wilson/snowflake-series-pink-netting-1965.jpg!Large.jpg
Mail Art,Robert Filliou ,Jocker,https://uploads5.wikiart.org/images/robert-filliou/jocker-1969.jpg
Mail Art,Robert Filliou ,Galerie Legitime,https://uploads7.wikiart.org/images/robert-filliou/galerie-legitime-1972.jpg!Large.jpg
Mail Art,On Kawara ,I Got Up at 9.47 A.M. (Feb. 12 1978),https://uploads8.wikiart.org/images/on-kawara/i-got-up-at-9-47-a-m-feb-12-1978-1978.jpg
Mail Art,On Kawara ,I Am Still Alive (Four Telegrams),https://uploads7.wikiart.org/images/on-kawara/i-am-still-alive-four-telegrams-1973.jpg
Mail Art,Ben ,Certificat,https://uploads7.wikiart.org/images/ben/certificat-1988.jpg
Mail Art,Ben ,Geste: Descendre le var,https://uploads1.wikiart.org/images/ben/geste-descendre-le-var-1969.jpg
Outsider Art Art Brut,Bill Traylor ,Untitled (Exciting Event),https://uploads3.wikiart.org/images/bill-traylor/untitled-exciting-event-1947.jpg!Large.jpg
Outsider Art Art Brut,Bill Traylor ,"Untitled (Figures, Construction)",https://uploads0.wikiart.org/images/bill-traylor/untitled-figures-construction-1940.jpg!Large.jpg
Outsider Art Art Brut,Louis Wain ,Untitled,https://uploads0.wikiart.org/images/louis-wain/untitled-5.jpg
Outsider Art Art Brut,Louis Wain ,GINGER CAT IN DECORATION,https://uploads5.wikiart.org/images/louis-wain/ginger-cat-in-decoration.jpg
Outsider Art Art Brut,Adolf Wölfli ,Lea Tantaria,https://uploads6.wikiart.org/00152/images/adolf-wolfli/lea-tantaria.jpg!Large.jpg
Outsider Art Art Brut,Adolf Wölfli ,Campbell's Tomato Soup,https://uploads3.wikiart.org/00152/images/adolf-wolfli/campbell-s-tomato-soup-1929.jpg!Large.jpg
Outsider Art Art Brut,August Natterer ,unknown title,https://uploads0.wikiart.org/images/august-natterer/unknown-title.jpg!Large.jpg
Outsider Art Art Brut,August Natterer ,Witch's head,https://uploads4.wikiart.org/images/august-natterer/witch-s-head-1915.jpg!Large.jpg
Outsider Art Art Brut,Louis Soutter ,"Amants, venez/Le coup d'envoi",https://uploads4.wikiart.org/images/louis-soutter/amants-venez-le-coup-d-envoi.jpg!Large.jpg
Outsider Art Art Brut,Louis Soutter ,Tête d’Homme,https://uploads1.wikiart.org/images/louis-soutter/t-te-d-homme-1942.jpg
Outsider Art Art Brut,Clementine Hunter ,Abstract with Photograph of Artist,https://uploads7.wikiart.org/00243/images/clementine-hunter/2005-16-1.jpg!Large.jpg
Outsider Art Art Brut,Clementine Hunter ,Wash Day,https://uploads7.wikiart.org/00243/images/clementine-hunter/2016-28-8.jpg!Large.jpg
De Stijl Neoplasticism,Piet Mondrian ,Composition with Gray and Light Brown,https://uploads0.wikiart.org/images/piet-mondrian/composition-with-gray-and-light-brown-1918.jpg!Large.jpg
De Stijl Neoplasticism,Piet Mondrian ,Composition with Oval in Color Planes II,https://uploads3.wikiart.org/images/piet-mondrian/composition-with-oval-in-color-planes-ii-1914.jpg!Large.jpg
De Stijl Neoplasticism,Bart van der Leck ,Billy-Goat,https://uploads7.wikiart.org/images/bart-van-der-leck/billy-goat.jpg
De Stijl Neoplasticism,Bart van der Leck ,Vrouw met koe (Woman with Cow),https://uploads3.wikiart.org/images/bart-van-der-leck/vrouw-met-koe-woman-with-cow-1918.jpg
De Stijl Neoplasticism,Theo van Doesburg ,Leaded glass composition I,https://uploads6.wikiart.org/images/theo-van-doesburg/leaded-glass-composition-i.jpg!Large.jpg
De Stijl Neoplasticism,Theo van Doesburg ,Russian Dance,https://uploads7.wikiart.org/images/theo-van-doesburg/russian-dance-1918.jpg!Large.jpg
De Stijl Neoplasticism,Georges Vantongerloo ,"Composition II, Indigo Violet Derived from Equilateral Triangle",https://uploads4.wikiart.org/images/georges-vantongerloo/composition-ii-indigo-violet-derived-from-equilateral-triangle-1921.jpg
De Stijl Neoplasticism,Georges Vantongerloo ,Untitled,https://uploads4.wikiart.org/images/georges-vantongerloo/untitled-1939.jpg
De Stijl Neoplasticism,Félix Del Marle ,Mobilier néo-plastique,https://uploads8.wikiart.org/images/f-lix-del-marle/mobilier-n-o-plastique.jpg
De Stijl Neoplasticism,Félix Del Marle ,Composition,https://uploads4.wikiart.org/images/f-lix-del-marle/composition-1947-1.jpg
De Stijl Neoplasticism,Fritz Glarner ,"Relational painting, Tondo #4",https://uploads7.wikiart.org/images/fritz-glarner/relational-painting-tondo-4-1946.jpg
De Stijl Neoplasticism,Fritz Glarner ,Relational Painting,https://uploads2.wikiart.org/images/fritz-glarner/relational-painting-1951-1.jpg!Large.jpg
Art Singulier,Kim Prisu ,Vois Y Elles Voyelles (Rimbaud),https://uploads4.wikiart.org/00100/images/kim-prisu/vois-y-elles-voyelles-rimbaud-2016-1.jpg!Large.jpg
Art Singulier,Kim Prisu ,Love Crime,https://uploads3.wikiart.org/00100/images/kim-prisu/love-crime-2016-1.jpg!Large.jpg
Concrete Art Concretism,Georges Vantongerloo ,Construction within a Sphere,https://uploads6.wikiart.org/images/georges-vantongerloo/construction-within-a-sphere-1917.jpg
Concrete Art Concretism,Georges Vantongerloo ,Masses dans l'univers,https://uploads8.wikiart.org/images/georges-vantongerloo/masses-dans-l-univers-1946.jpg
